Age,Branch,Date_of_join,Mobile
24,MECH,29-06-2025,6965194790
18,ECE,12-02-2024,8765934855
21,CIVIL,07-06-2023,845403690
18,CSE,15-07-2023,6412006644
18,ECE,16-03-2026,8966212471
21,CSE,22-07-2024,711683457
23,ECE,06-06-2025,986858059
24,ECE,12-01-2027,637832377
28,ELECTRONICS,11-07-2024,7946433848
21,CIVIL,24-05-2026,895497677
28,EEE,15-11-2022,843882358
19,MECH,05-05-2024,6833288201
19,CSE,05-01-2022,7215952243
28,CIVIL,06-07-2027,726670454
26,ECE,17-04-2023,7816599939
22,CIVIL,09-03-2023,6658274168
29,EEE,23-06-2022,7036358418
28,EEE,24-07-2025,7434255018
24,EEE,25-02-2026,937433076
18,ECE,20-05-2023,8545543475
29,ROBOTICS,11-01-2023,9026455723
22,ECE,07-05-2022,8714444189
23,CIVIL,02-06-2024,9055500606
20,CSE,16-03-2026,8226214652
25,ECE,02-04-2026,9819560022
18,ROBOTICS,22-06-2027,7261287604
27,CIVIL,22-09-2027,6354429464
22,ECE,29-01-2022,8736476154
29,CSE,23-07-2024,7565626451
27,EEE,03-08-2022,633899670
19,MECH,24-11-2027,666495802
27,ECE,30-10-2027,7747149785
22,MECH,29-06-2026,8642983000
21,EEE,22-05-2026,6760215786
18,EEE,06-03-2022,965372842
28,CSE,25-01-2026,7365841634
27,CSE,21-03-2023,9735405826
28,ELECTRONICS,12-05-2022,8713176799
18,MECH,03-06-2024,8360807130
19,CSE,26-02-2027,97305910
29,ELECTRONICS,01-09-2023,7947204486
25,MECH,28-02-2024,8320903190
28,ECE,03-07-2023,7928390207
24,MECH,27-01-2027,9015372290
25,ELECTRONICS,16-05-2022,8710966294
21,MECH,06-06-2027,8647791442
27,ROBOTICS,12-10-2023,6620687034
22,ECE,16-11-2024,6464215790
22,ROBOTICS,01-09-2027,7436802040
27,EEE,26-08-2023,7260871646
27,CIVIL,13-07-2025,7135756707
19,ECE,15-09-2022,7365425590
20,ROBOTICS,17-03-2024,72864880
19,MECH,25-04-2023,7160202018
22,ELECTRONICS,14-08-2025,9640191919
22,ROBOTICS,02-11-2025,6452039075
19,ECE,11-06-2023,9460373675
21,ECE,26-11-2024,8352713152
23,ROBOTICS,19-08-2023,8327757041
25,ECE,04-08-2022,6855069295
19,CSE,08-09-2026,8520067546
20,ECE,17-09-2024,8450067036
25,EEE,25-07-2022,9353160944
21,ELECTRONICS,16-07-2025,758404585
20,CSE,03-09-2023,6327789013
18,CIVIL,02-09-2027,702793583
27,EEE,15-09-2026,9848916391
25,ECE,07-08-2025,8324814642
26,ECE,24-09-2026,7262887053
26,MECH,01-07-2025,9132982452
26,CSE,30-08-2023,872040538
24,ECE,03-11-2027,8423249072
28,ELECTRONICS,06-02-2027,9859111698
18,EEE,26-06-2022,7942860062
28,ECE,24-05-2027,8163585999
19,CIVIL,20-08-2025,8853015852
25,ROBOTICS,06-08-2026,9332200205
28,CSE,22-10-2022,8913400855
23,CIVIL,24-07-2027,7551229357
28,MECH,21-09-2024,7146434929
25,MECH,17-07-2023,9710265047
28,ECE,04-08-2026,782930923
19,ROBOTICS,06-08-2022,769407750
21,CSE,17-03-2026,9751809852
28,CSE,16-06-2024,7561355898
23,ECE,19-01-2027,6556396543
24,ECE,23-01-2027,7848030735
26,ELECTRONICS,10-04-2024,7356137201
18,MECH,23-01-2027,9213157867
29,ELECTRONICS,29-06-2026,6511248127
29,ECE,07-10-2022,8857878178
26,ELECTRONICS,30-10-2026,9649154857
21,CSE,26-02-2023,976764356
26,CIVIL,13-10-2025,663244511
29,CIVIL,08-01-2023,8414142237
28,CSE,12-05-2023,7947062474
19,ROBOTICS,13-02-2024,7549910977
21,MECH,29-10-2024,8148180180
18,EEE,29-11-2022,7449628248
19,MECH,29-04-2025,812033939
19,EEE,16-07-2022,9851572117
27,ECE,08-10-2024,8028382169
27,ELECTRONICS,19-11-2025,9528236828
19,CSE,21-01-2022,9214730797
21,EEE,01-05-2022,904443188
24,ELECTRONICS,14-07-2027,892779663
25,ELECTRONICS,13-10-2024,8957834108
22,EEE,05-11-2022,8813185191
20,MECH,11-03-2027,8461413657
22,EEE,24-04-2026,9111926503
22,EEE,25-09-2027,7539629417
23,CSE,21-06-2027,824297666
20,EEE,30/2/2022,7138120162
20,ECE,27-01-2026,7254265094
19,EEE,22-02-2024,7863643224
27,MECH,02-10-2023,7533263850
21,ELECTRONICS,04-07-2025,7541596310
28,CSE,25-06-2023,6357765704
19,ELECTRONICS,06-04-2026,7141411174
25,ECE,14-03-2023,6850189649
18,EEE,13-08-2025,9013180869
22,ROBOTICS,06-03-2026,9228793067
23,MECH,17-08-2024,7543411556
21,CIVIL,09-10-2027,9332972405
28,CIVIL,07-04-2026,7452893980
21,MECH,11-03-2025,7252396814
21,ROBOTICS,10-05-2024,9220186979
28,ECE,20-05-2023,6446031844
22,CSE,28-05-2025,6322134562
24,ROBOTICS,04-09-2026,8649706991
26,CIVIL,19-11-2022,836848799
25,CSE,01-04-2026,6543408864
18,EEE,05-05-2022,6825227790
22,ECE,27-02-2023,9642163280
23,CSE,19-10-2023,6637725916
24,CSE,08-10-2025,7752979241
24,EEE,08-03-2023,7127280478
21,CIVIL,19-10-2023,722950335
21,CIVIL,15-10-2022,7425865386
24,MECH,07-11-2027,8061110367
21,ELECTRONICS,16-03-2024,7152977058
26,ELECTRONICS,03-06-2027,7132264146
22,ECE,11-07-2027,9355338255
24,CSE,21-08-2024,8324630008
26,ELECTRONICS,26-01-2025,6448207830
27,CIVIL,08-06-2026,6343335854
19,ELECTRONICS,19-09-2026,9429581726
29,ELECTRONICS,19-01-2027,7028961775
26,CSE,15-04-2022,7957433640
22,CSE,24-10-2022,6434339687
26,ROBOTICS,19-01-2026,8638787712
28,CSE,13-10-2026,7680501
26,ROBOTICS,07-06-2027,631610563
29,EEE,24-07-2027,6437070224
28,CSE,16-04-2022,89659296
27,CIVIL,14-03-2022,9523682969
22,EEE,14-07-2025,682736096
18,ECE,01-11-2022,8125809134
18,CIVIL,12-08-2023,8633093615
20,ELECTRONICS,28-11-2023,6819956936
23,EEE,25-05-2023,8532692898
27,CSE,19-08-2025,8744074868
26,CIVIL,21-11-2025,686904518
19,ELECTRONICS,18-05-2022,8445228877
27,EEE,05-10-2025,6915381065
18,CSE,13-08-2023,8048202513
29,CIVIL,16-03-2023,6318660100
28,CIVIL,11-02-2024,6339828838
18,CIVIL,02-06-2027,959731780
19,ROBOTICS,22-04-2024,9552299144
28,MECH,16-02-2026,753776428
26,CSE,01-04-2026,8056606074
21,ECE,14-01-2027,7319205939
29,CIVIL,02-02-2025,9863238908
21,EEE,20-05-2024,8027965054
25,MECH,09-05-2023,8960277438
24,MECH,27-11-2025,9639022027
22,CSE,14-10-2024,6514589386
20,CIVIL,09-07-2025,8940679525
25,CSE,09-06-2027,8843071521
19,CIVIL,22-01-2024,9860952877
22,CSE,09-09-2024,844143245
27,ELECTRONICS,20-03-2027,671405457
22,CIVIL,25-08-2024,7048417559
28,EEE,22-07-2026,9854648276
26,MECH,06-06-2024,8037366900
22,ROBOTICS,28-08-2023,8714044881
27,EEE,20-08-2022,6514321525
29,CIVIL,13-08-2025,873377412
18,MECH,14-11-2027,6748655787
25,ROBOTICS,25-11-2023,6764060642
21,ELECTRONICS,02-05-2026,7421757242
20,EEE,06-04-2027,8035424442
18,ROBOTICS,20-06-2022,8129632577
26,EEE,01-04-2022,825415662
24,ELECTRONICS,17-10-2027,853795424
24,EEE,24-01-2026,8515619631
26,EEE,03-04-2023,717814419
26,MECH,21-07-2027,9859768192
24,EEE,09-01-2024,7146282879
28,ECE,26-11-2025,6452966129
24,ECE,15-10-2023,6756433109
19,MECH,26-02-2023,8716884406
21,MECH,06-10-2025,9215714631
28,ECE,30-01-2027,7914250793
18,ELECTRONICS,18-03-2023,9154350793
18,CIVIL,30/2/2023,7463318287
28,ROBOTICS,24-09-2023,9211198608
22,ELECTRONICS,25-03-2025,7239390986
23,ECE,22-10-2027,976858735
29,ELECTRONICS,12-09-2026,7015982820
21,EEE,29-08-2024,842242699
27,ROBOTICS,29-06-2023,8514009937
19,ECE,15-07-2024,9315818401
24,ELECTRONICS,30-08-2024,7360556
25,CSE,01-10-2024,876687330
23,CSE,08-11-2025,6858291414
27,EEE,20-01-2024,9449616967
25,ROBOTICS,11-03-2023,8537793558
26,ROBOTICS,09-06-2025,9747946650
25,MECH,27-04-2026,9734507201
19,ROBOTICS,25-06-2027,8029166855
26,EEE,10-08-2024,806093835
27,CSE,18-09-2024,8220900031
22,MECH,10-06-2026,6622352176
28,MECH,15-07-2023,93626182
19,CSE,19-01-2023,9610076456
22,ECE,05-03-2026,7350865648
28,ELECTRONICS,30-10-2022,8651408534
24,CSE,30-10-2025,7919499701
29,ECE,16-05-2022,9144591586
27,CSE,19-05-2022,8613386786
20,CSE,30-09-2022,7928439490
24,CSE,14-10-2022,7819146978
26,ELECTRONICS,11-03-2027,6965766042
21,ROBOTICS,25-09-2025,7311530935
19,EEE,24-08-2023,921955149
25,ROBOTICS,06-08-2026,6757431375
23,ECE,26-03-2024,9848952254
18,ECE,26-08-2023,9258594231
24,ELECTRONICS,09-01-2027,7033402382
20,MECH,29-04-2025,7026612788
26,ECE,21-01-2026,7347945971
26,CSE,29-07-2025,6813459622
20,MECH,03-06-2023,9336400879
25,EEE,28-07-2027,7738835397
26,EEE,18-06-2022,6651628975
19,ELECTRONICS,27-11-2025,9629641876
28,CIVIL,17-11-2023,7414503407
29,MECH,17-04-2023,8945357808
27,ECE,03-02-2027,8236407142
26,CSE,29-08-2027,8248045632
24,ELECTRONICS,26-09-2023,7234373857
26,ROBOTICS,24-05-2022,8014172128
18,MECH,22-01-2025,8334730818
26,CSE,12-03-2024,7011347645
20,EEE,09-10-2022,911506289
24,ECE,11-06-2024,9265370083
23,EEE,29-04-2024,6860141345
26,EEE,22-07-2026,9051516272
20,ELECTRONICS,11-11-2025,9522196372
18,ECE,07-10-2024,7055220993
24,EEE,30-01-2026,8554336490
24,ROBOTICS,06-08-2025,8620955555
18,CSE,19-09-2026,8026725787
29,ECE,28-04-2026,9252628623
19,MECH,07-01-2026,652682737
20,ROBOTICS,01-03-2026,915627547
19,ECE,10-05-2027,631933792
27,CSE,02-06-2022,9036093425
25,ELECTRONICS,18-06-2026,9411344961
21,MECH,24-09-2023,842362546
25,ECE,12-02-2027,7011860702
25,EEE,19-11-2024,8012079258
24,ELECTRONICS,23-10-2024,8737558924
23,ROBOTICS,15-05-2022,9159225913
24,ROBOTICS,11-09-2025,675464253
28,EEE,02-10-2027,754124396
25,CSE,02-03-2025,8246592766
18,EEE,30-10-2023,9036609549
22,ECE,27-02-2027,8250911335
22,ECE,01-02-2026,6916858977
18,ELECTRONICS,19-05-2025,8136159595
25,ROBOTICS,24-11-2024,6325957681
25,ECE,24-05-2025,9156477221
21,EEE,04-01-2026,941456116
29,MECH,04-08-2025,974414115
23,CIVIL,21-01-2022,9250182098
26,ROBOTICS,24-01-2023,9738018050
28,CIVIL,19-02-2024,7251907007
22,ECE,07-10-2023,6962872601
29,ELECTRONICS,07-05-2024,688191644
19,ECE,06-11-2026,8219206781
27,MECH,24-05-2024,8712342066
27,ELECTRONICS,19-04-2025,6864918296
24,ECE,20-01-2026,981638249
25,MECH,13-10-2026,7124794090
26,EEE,15-10-2027,7427091119
23,ELECTRONICS,25-01-2022,7357759859
21,EEE,27-04-2025,6543943386
20,ECE,06-09-2025,7638334795
26,MECH,02-05-2027,83894633
18,ELECTRONICS,17-07-2025,934083681
22,ELECTRONICS,23-04-2025,658910137
23,CSE,12-01-2026,8510186283
25,CIVIL,13-08-2025,8552630528
24,ECE,23-03-2023,9310158445
23,CIVIL,30-05-2026,9038188750
20,EEE,17-05-2022,7930443523
18,ELECTRONICS,30-01-2026,6716260238
21,MECH,17-03-2023,6946660941
29,EEE,30-01-2022,9820533503
26,CSE,11-01-2027,8050110835
29,MECH,21-02-2027,831512395
22,CIVIL,04-01-2026,8861522128
27,EEE,06-06-2025,812578834
22,ELECTRONICS,14-07-2023,8654856759
28,CSE,02-10-2026,6347528381
20,EEE,26-09-2026,9640089156
27,ROBOTICS,07-02-2023,8642307592
29,MECH,16-03-2024,971270894
23,ROBOTICS,08-11-2026,8622807228
25,CSE,06-03-2025,6949716853
25,MECH,13-07-2027,9034831021
27,CIVIL,19-06-2025,6345952795
26,ROBOTICS,05-04-2022,8642616712
21,CSE,27-04-2022,772526501
18,CSE,14-04-2027,6632924423
22,ECE,22-10-2025,9310738612
20,ROBOTICS,30/2/2025,7812209107
21,ROBOTICS,19-03-2022,8612977330
23,ECE,28-06-2026,6634818895
24,EEE,15-05-2026,7617260521
24,CIVIL,23-01-2022,9046513928
19,ELECTRONICS,30-07-2024,9519806381
22,ROBOTICS,26-03-2022,7263709534
24,CSE,11-04-2024,6857038385
21,ROBOTICS,18-04-2026,9117906743
22,MECH,19-02-2025,887329310
27,ECE,08-07-2027,9110571282
23,MECH,24-07-2026,719502397
23,ECE,29-03-2026,7016391742
28,ROBOTICS,24-11-2025,642129621
23,ELECTRONICS,27-08-2026,8620909202
29,CIVIL,16-03-2026,762892954
18,CSE,30-06-2025,8536979819
20,CIVIL,09-11-2027,911130640
21,CSE,07-03-2022,7526058462
28,ROBOTICS,29-03-2027,7262492366
29,EEE,10-10-2024,9438911880
20,ELECTRONICS,20-10-2022,7064681850
21,EEE,15-03-2024,8612463451
28,ROBOTICS,19-04-2024,8834664229
20,ROBOTICS,26-10-2024,9844122726
19,CSE,08-09-2022,8449843932
18,ELECTRONICS,08-03-2027,9519621147
21,MECH,25-04-2022,9655300731
26,ECE,19-11-2027,9360631754
20,CSE,04-03-2025,8210891808
29,CSE,18-01-2023,7638020616
21,CSE,12-11-2026,7313114020
26,ROBOTICS,14-11-2025,9263673778
20,ROBOTICS,27-08-2023,9848948742
18,ROBOTICS,02-09-2027,8030364833
28,ELECTRONICS,05-06-2022,8530665151
20,CSE,18-06-2023,9851294721
26,CIVIL,04-04-2027,8424315624
23,ECE,05-06-2025,6553022005
23,ELECTRONICS,13-06-2026,8835004887
26,CIVIL,07-07-2022,6646980881
25,ELECTRONICS,08-05-2022,9337722178
29,EEE,25-06-2027,9624427361
25,ELECTRONICS,06-04-2024,8512530683
24,MECH,03-02-2023,6622559576
26,CIVIL,20-09-2022,7035137873
23,MECH,02-04-2026,824081316
18,CSE,13-03-2026,9433532306
22,MECH,28-04-2025,94365243
26,ROBOTICS,18-07-2024,7559363978
18,CIVIL,02-02-2022,9146389949
21,ELECTRONICS,09-04-2025,6432583278
26,CIVIL,06-05-2026,7736466571
26,EEE,02-06-2027,902957349
23,EEE,12-03-2024,9651000606
19,ROBOTICS,16-11-2024,8237205927
22,EEE,28-11-2022,8422594072
20,ELECTRONICS,03-04-2023,6930409729
23,CIVIL,25-08-2022,7637641489
22,CSE,22-08-2022,9432705459
25,ELECTRONICS,23-11-2023,9721265740
18,CSE,27-03-2026,7359676590
23,CSE,05-05-2022,8258365646
24,ECE,25-09-2022,6637069942
24,ECE,12-09-2023,9613121627
23,CSE,20-09-2023,845617154
29,EEE,08-06-2026,7666548404
25,EEE,24-04-2025,9341029264
28,MECH,11-03-2027,6432001043
29,CIVIL,25-02-2026,9453124821
19,EEE,06-04-2023,7436853976
20,ECE,30-07-2026,8622939026
24,ELECTRONICS,03-11-2024,8728614729
25,CSE,02-05-2026,7943915994
25,MECH,23-10-2022,9041867612
20,CIVIL,23-06-2026,8717562613
25,MECH,09-09-2023,7414349415
23,CIVIL,03-07-2024,8849719317
24,CSE,09-01-2023,95458436
18,MECH,14-03-2026,8946749559
27,ELECTRONICS,16-07-2026,8815389061
25,MECH,22-06-2027,8123323371
24,ECE,22-06-2027,9849602886
21,MECH,06-02-2025,774660035
26,ROBOTICS,21-03-2026,7739678584
29,CSE,26-07-2027,7348312048
20,ROBOTICS,28-02-2025,9826757282
22,CSE,18-02-2025,9235811910
23,CIVIL,12-05-2023,6325368182
26,CSE,20-07-2026,8744078528
24,ROBOTICS,02-08-2026,7422453435
27,CIVIL,19-08-2024,7911720997
19,CIVIL,04-06-2022,9018378292
28,EEE,12-04-2023,7438678919
29,EEE,15-01-2025,6321792307
25,CSE,14-07-2022,8534113568
27,CSE,28-09-2022,9026399027
21,ROBOTICS,06-01-2023,8038052992
21,MECH,01-08-2024,9343225910
23,MECH,18-05-2024,6418035001
24,ELECTRONICS,26-08-2022,9352864066
19,MECH,03-06-2027,6458794607
25,CSE,22-04-2022,882156635
23,CIVIL,14-07-2024,9836937779
22,MECH,17-10-2026,8746915863
27,CIVIL,20-05-2026,9053873674
20,CSE,20-06-2027,9525504959
24,ROBOTICS,19-04-2026,9035445140
29,MECH,11-04-2024,8148895311
19,ECE,23-09-2026,6715465541
24,ROBOTICS,16-03-2027,8840672731
18,MECH,27-10-2025,9862541339
26,ELECTRONICS,28-05-2025,8957867230
27,ECE,25-03-2027,9126681605
27,ECE,06-04-2025,7744886635
18,CIVIL,12-10-2024,6336099055
25,MECH,22-07-2022,9513827467
25,ECE,16-05-2027,7459137748
25,CIVIL,13-09-2025,952764067
22,CSE,11-08-2027,8235789185
26,MECH,21-02-2027,7843093101
26,MECH,18-07-2023,8262349030
23,ELECTRONICS,30-03-2026,8821599868
28,ELECTRONICS,07-05-2026,9750463118
22,CSE,18-06-2024,9536766013
18,CSE,17-05-2025,9857565586
25,CSE,12-04-2023,8652823199
27,EEE,28-02-2024,7947246857
19,ELECTRONICS,08-10-2022,9036959784
21,CIVIL,16-07-2027,8444906387
27,MECH,12-07-2026,8636555069
28,ROBOTICS,14-02-2024,9429237319
19,CSE,23-08-2023,7545012029
23,ELECTRONICS,09-03-2024,9059773239
21,CSE,11-04-2025,8624620881
18,ROBOTICS,08-07-2027,8658915937
18,CSE,12-07-2026,7228061293
20,ELECTRONICS,05-09-2024,6543622715
20,CIVIL,11-07-2022,715283263
21,MECH,09-01-2026,8530419112
24,EEE,21-03-2022,6755731468
27,CIVIL,10-09-2026,9629981147
27,ECE,07-08-2025,6915009662
18,MECH,23-02-2025,9617461233
28,CSE,06-04-2027,9210168637
21,EEE,06-04-2025,6948002408
21,ELECTRONICS,09-10-2023,9616075064
29,MECH,23-04-2024,8432142476
27,ELECTRONICS,04-10-2022,9048961526
21,ROBOTICS,27-05-2023,878399365
23,ELECTRONICS,01-01-2027,7513542568
20,MECH,25-08-2022,9425396034
24,ELECTRONICS,22-07-2024,9827464588
21,ELECTRONICS,22-07-2026,9134759504
20,MECH,13-02-2025,867486625
18,ROBOTICS,04-01-2027,7733400203
29,MECH,13-01-2023,9630990042
23,CSE,06-08-2027,8051867561
18,ELECTRONICS,16-04-2024,939768054
21,CSE,17-08-2024,6937087985
25,ROBOTICS,07-03-2024,6341698781
20,EEE,05-06-2023,8152961855
23,EEE,25-01-2024,6323040854
28,ECE,29-10-2027,7926592079
23,ROBOTICS,21-07-2024,8637063366
25,ECE,08-06-2026,9315628100
23,MECH,20-08-2022,7549783332
27,ROBOTICS,20-07-2026,9725301749
21,ELECTRONICS,07-03-2024,9329562576
19,EEE,16-06-2025,6833020815
19,CIVIL,18-03-2024,9327122674
29,CIVIL,29-08-2025,982020470
25,ECE,22-11-2022,6716151511
28,ROBOTICS,18-02-2027,8348748029
24,ELECTRONICS,27-07-2025,7365633613
21,EEE,06-01-2025,6440899849
23,ROBOTICS,05-11-2023,8249677291
29,CSE,09-02-2024,875608574
22,CSE,18-08-2027,6825498724
23,ECE,17-09-2027,9036566653
21,CIVIL,29-01-2024,9664930139
23,ROBOTICS,17-05-2023,9765292402
27,ECE,19-01-2027,9845620224
25,ECE,25-04-2026,7625620430
21,CSE,23-08-2023,6715322293
27,ROBOTICS,11-09-2022,632418968
18,ELECTRONICS,04-07-2027,6435755952
21,MECH,16-01-2025,9824316201
23,ECE,30-06-2026,9357042432
18,ECE,25-06-2024,964524353
21,CIVIL,20-03-2027,8448096368
26,CIVIL,03-06-2026,7310642206
22,EEE,28-07-2027,9122093522
23,ECE,21-06-2025,95598847
26,CSE,15-05-2023,7515781208
25,ELECTRONICS,06-05-2024,7257477935
26,MECH,19-03-2022,7632100530
27,CIVIL,30/2/2027,8147680758
19,MECH,21-02-2027,7649869432
25,CIVIL,14-10-2025,661875314
27,CIVIL,10-02-2027,7748181755
18,CSE,22-07-2024,7727367795
19,CSE,03-07-2025,7519948075
20,MECH,15-11-2023,8514476485
19,MECH,10-07-2025,7810782337
26,ELECTRONICS,12-05-2024,6940449175
21,EEE,01-02-2026,9122117827
28,MECH,22-08-2022,667219260
19,EEE,04-01-2022,6433594558
24,EEE,13-01-2023,7318750664
26,MECH,25-02-2027,7457454373
19,EEE,30/2/2023,8462767718
27,CSE,16-06-2025,8454120066
26,ECE,04-06-2024,7842942286
25,ELECTRONICS,27-10-2023,6420231401
27,ROBOTICS,22-02-2022,7248903041
19,CIVIL,14-04-2027,6346093262
22,EEE,20-07-2027,8417381680
23,ELECTRONICS,11-04-2027,6741735494
21,ECE,22-08-2026,6544970388
25,MECH,10-06-2023,9534137030
25,EEE,11-02-2026,882854746
26,ELECTRONICS,28-11-2024,9865062669
24,CSE,23-03-2023,6732843531
18,CSE,25-09-2026,9749388088
21,CIVIL,07-06-2027,7432365888
27,ELECTRONICS,01-02-2024,9628127475
23,ROBOTICS,09-06-2022,7863558628
28,CSE,19-11-2023,9158087153
23,ELECTRONICS,24-07-2027,7132677097
19,ECE,19-09-2027,6549818577
26,CIVIL,15-09-2025,9528221211
29,ECE,24-07-2025,7157316035
22,MECH,22-10-2023,8162373713
26,CIVIL,12-02-2024,9162451368
22,CSE,18-02-2022,9226802101
23,ROBOTICS,03-07-2026,7121466458
20,CSE,29-07-2022,8922542165
18,ELECTRONICS,10-04-2026,809324988
23,ELECTRONICS,19-01-2026,8931195030
27,CSE,16-11-2025,8614753875
21,ECE,09-01-2023,6558066101
29,ECE,17-02-2027,8218071975
27,ROBOTICS,04-06-2024,9045744649
19,ELECTRONICS,04-07-2022,7420920118
29,ECE,10-05-2025,8150588718
21,EEE,24-11-2027,9019055389
27,CSE,05-04-2025,7410676975
24,CSE,27-03-2027,6616534856
24,CSE,11-11-2025,7135056110
27,CIVIL,16-05-2024,65634941
29,CSE,26-10-2027,8855655608
29,CIVIL,03-01-2022,9751431429
18,CSE,04-02-2027,6526731905
23,CSE,27-02-2024,732539768
28,ROBOTICS,30-09-2026,8759918795
23,MECH,15-02-2022,9062887827
24,CIVIL,13-01-2026,8456231636
21,ELECTRONICS,26-01-2025,7259959722
21,MECH,29-07-2025,7939225156
25,CIVIL,11-01-2025,9852696676
24,ELECTRONICS,28-02-2027,713476886
24,MECH,29-06-2025,6844999767
21,ECE,29-03-2025,9139071414
20,ECE,21-06-2026,6729168371
27,CIVIL,14-02-2023,7157225543
19,MECH,28-09-2023,9619267895
21,ECE,17-11-2025,9638750286
26,ROBOTICS,19-03-2027,6432037211
28,CSE,09-07-2023,6617775203
24,ECE,30-04-2027,7915938755
18,ELECTRONICS,19-08-2027,6347181677
27,EEE,12-11-2026,6741110460
19,EEE,15-03-2026,695157170
21,CIVIL,16-10-2027,8240976014
29,CSE,05-05-2023,8326952467
27,ECE,27-05-2025,8910752871
19,MECH,19-11-2025,7714404877
18,CIVIL,18-03-2022,7416863052
23,ELECTRONICS,24-07-2026,7510091761
29,EEE,01-11-2026,6766945459
24,EEE,22-11-2025,9024274725
19,EEE,13-03-2024,7946390089
20,CIVIL,09-05-2023,9531667898
24,MECH,29-01-2022,8252808023
25,ELECTRONICS,01-05-2027,727438529
18,EEE,03-04-2022,6919941168
25,ECE,12-04-2027,8627632749
25,EEE,04-04-2027,711755310
20,ELECTRONICS,08-06-2023,9326302053
24,ECE,09-06-2023,7551014590
25,MECH,10-03-2026,9645322255
25,ROBOTICS,01-11-2026,7841346258
22,ECE,06-01-2025,67673460
22,CIVIL,27-06-2023,7913167293
20,CIVIL,24-04-2025,6461589077
20,ROBOTICS,04-11-2024,8328152099
25,ELECTRONICS,23-11-2025,9450904158
18,ECE,16-05-2024,7746157213
23,ROBOTICS,22-09-2023,9716704706
22,ROBOTICS,02-11-2023,86855600
28,ROBOTICS,16-02-2025,9245325588
24,ECE,18-06-2025,7327569279
26,ELECTRONICS,10-01-2024,812900934
18,CSE,28-11-2024,9817859418
29,ELECTRONICS,07-11-2025,8416072287
22,CSE,03-01-2025,8864986278
25,EEE,28-04-2027,7945785874
20,CSE,18-06-2027,636887968
24,MECH,18-06-2022,9451189033
24,ECE,16-08-2025,7726381459
22,CIVIL,06-02-2024,7910563299
21,CIVIL,25-10-2022,941928734
24,CSE,11-10-2023,7847838929
19,ROBOTICS,15-11-2022,8321952663
29,MECH,16-10-2026,6460159449
19,EEE,27-07-2027,9425841630
25,EEE,15-06-2026,7130554793
19,CSE,22-11-2026,8256405632
21,ROBOTICS,23-10-2027,7755313976
24,ELECTRONICS,13-09-2024,8134108835
21,ELECTRONICS,06-04-2023,9335936613
25,CSE,14-06-2022,9138257100
27,ELECTRONICS,21-02-2024,765089651
24,ELECTRONICS,23-08-2022,70966636
18,CIVIL,21-09-2027,9114447293
24,EEE,05-02-2022,6834174070
18,ELECTRONICS,13-08-2023,8718612528
18,CIVIL,03-10-2026,968796393
26,MECH,22-01-2027,6718836594
21,CIVIL,14-06-2022,9754379913
20,MECH,26-02-2027,8120338112
19,ECE,07-05-2024,712245034
22,ROBOTICS,19-02-2027,9133343359
22,EEE,22-05-2022,9162186777
29,CSE,22-02-2026,7719852432
21,EEE,03-05-2023,9725381501
20,EEE,01-01-2023,8928321428
26,ECE,26-10-2025,7611063425
28,CIVIL,24-05-2023,8437590904
24,ROBOTICS,06-02-2024,8561808052
29,ROBOTICS,03-03-2027,8517330538
27,CSE,08-10-2026,7654955638
21,EEE,07-04-2022,9748106782
18,MECH,12-09-2027,9247636713
20,ELECTRONICS,18-08-2026,8442958588
28,MECH,11-02-2027,6420158163
29,ROBOTICS,09-04-2025,8836780363
24,CIVIL,21-03-2024,7952394433
21,ELECTRONICS,22-03-2025,9716263751
24,EEE,01-06-2024,638713074
21,ELECTRONICS,26-08-2022,7345468624
18,CIVIL,15-09-2024,8220780914
24,MECH,01-05-2024,9761063227
24,ROBOTICS,14-08-2027,9053189109
18,CSE,22-06-2027,973894835
28,ROBOTICS,25-07-2024,79457257
24,MECH,11-05-2027,9058683331
25,CIVIL,30-01-2027,7112690710
19,EEE,11-07-2024,6416321020
18,ECE,06-06-2025,6822855132
28,CIVIL,06-02-2027,9033068071
20,MECH,18-10-2025,9058096702
25,ELECTRONICS,15-02-2025,6619672590
18,EEE,16-06-2023,7732237763
20,CSE,09-09-2022,821894986
26,ECE,26-03-2025,838093251
20,CSE,03-10-2024,7132180680
20,ROBOTICS,27-04-2026,6420521437
19,ELECTRONICS,25-09-2027,8452806292
23,MECH,21-02-2024,8855790463
28,ECE,06-07-2027,9230003684
24,EEE,01-05-2026,773623659
28,ELECTRONICS,29-09-2027,8453837339
19,ELECTRONICS,16-11-2025,9240850479
21,ECE,09-11-2024,9637667406
27,ROBOTICS,18-02-2025,6558141095
24,ELECTRONICS,15-01-2026,6351456265
25,CIVIL,05-06-2022,7366796640
18,CSE,18-06-2027,7963465558
19,ELECTRONICS,03-01-2024,9324718853
20,MECH,19-10-2027,9031251967
27,CSE,01-03-2025,7637646059
26,ELECTRONICS,26-06-2022,7512791925
26,ELECTRONICS,27-08-2023,8441515771
19,ECE,20-03-2027,8615922396
29,ECE,14-01-2024,6936025621
21,MECH,08-08-2022,729628306
25,CIVIL,20-03-2024,7553158998
27,EEE,16-07-2024,6953049554
19,CSE,22-05-2026,7417591921
22,ROBOTICS,08-09-2024,8730393788
25,CIVIL,09-06-2022,9219310459
23,MECH,13-02-2023,8815890877
22,MECH,03-11-2024,9828909436
27,CSE,18-03-2023,7029090436
19,EEE,22-11-2027,7417943868
18,ECE,23-08-2027,6728151392
24,ELECTRONICS,11-05-2025,6541255353
26,ROBOTICS,28-03-2025,6927410209
18,CSE,13-07-2022,8352965352
28,ECE,12-08-2025,9525118808
28,ECE,07-10-2023,9613142392
21,ECE,07-06-2024,8050688952
20,CIVIL,30/2/2027,9820833855
23,ELECTRONICS,19-08-2022,7433763938
27,ROBOTICS,04-11-2025,7326629773
24,EEE,04-04-2023,7057653926
28,CIVIL,09-04-2025,8338600758
28,CSE,03-03-2024,909663492
19,EEE,09-10-2027,838394513
20,ROBOTICS,04-06-2027,8530953015
20,ROBOTICS,10-04-2023,935363602
25,ELECTRONICS,08-04-2024,9834367083
25,ECE,12-01-2023,9435350230
24,EEE,11-08-2023,9661018066
22,CIVIL,30-01-2026,9129943810
23,ROBOTICS,22-04-2022,8421151556
29,CSE,10-04-2025,8435391628
27,ECE,16-04-2027,9414223997
24,ROBOTICS,27-09-2025,9550142389
29,EEE,28-07-2027,6836168214
25,ECE,06-10-2022,805890482
21,CSE,23-08-2022,7537991094
27,CIVIL,16-07-2022,792068721
23,ROBOTICS,16-10-2023,9523409697
21,ROBOTICS,23-02-2023,8545577105
26,ROBOTICS,12-01-2025,9664596903
20,CSE,02-09-2023,93828978
23,MECH,12-04-2023,931051497
29,ROBOTICS,05-09-2026,8136587593
26,MECH,21-03-2025,8811160729
19,CSE,16-09-2027,9213148333
26,CSE,29-08-2023,7749233969
29,ECE,14-05-2027,682588085
28,MECH,18-06-2023,7219741923
21,ECE,24-05-2027,7058188892
27,MECH,15-04-2024,9610620424
25,EEE,27-08-2027,678007926
26,ELECTRONICS,30-10-2027,9765719568
27,ROBOTICS,19-04-2022,8451976174
24,ELECTRONICS,07-03-2023,9110742453
24,ROBOTICS,23-05-2022,8563184068
19,ECE,01-02-2024,7354615993
21,MECH,02-03-2027,6926705547
18,MECH,30-01-2027,838657276
29,CSE,07-03-2022,7542939743
27,ROBOTICS,17-06-2024,6531740811
27,MECH,16-06-2027,6917731696
19,CSE,21-06-2024,8552093858
23,ELECTRONICS,09-06-2022,68737928
23,EEE,09-11-2025,8456075627
29,CSE,30-10-2022,6637911569
28,ECE,24-05-2025,9459966573
29,CSE,08-03-2025,6918397293
18,CIVIL,08-08-2027,7836400585
20,EEE,15-03-2025,9760075141
28,MECH,22-10-2024,7715218012
19,CSE,01-04-2027,9748581558
19,EEE,22-04-2027,821501775
25,CIVIL,30-07-2023,7717932414
27,CSE,13-05-2027,981316539
18,ELECTRONICS,24-11-2027,9730763767
22,ELECTRONICS,07-07-2025,9130581785
18,CSE,09-04-2023,6552395772
24,CSE,20-08-2024,9563307921
20,EEE,13-05-2024,9437651067
26,CSE,13-01-2023,6527586725
25,EEE,08-02-2027,7556438523
23,MECH,13-03-2022,9824119903
22,CSE,27-01-2022,905427025
19,ELECTRONICS,28-03-2026,8341861851
27,EEE,03-04-2026,7366188916
19,MECH,23-03-2022,9161829659
21,ELECTRONICS,25-05-2024,6821246917
25,ELECTRONICS,01-02-2027,6413705853
25,MECH,30-10-2026,9553885300
23,EEE,07-08-2026,8940818246
24,ROBOTICS,01-08-2027,6616293929
23,ROBOTICS,23-07-2026,9021311167
20,ECE,18-01-2025,7419993316
18,ECE,14-07-2025,9140484791
26,ROBOTICS,27-02-2023,8036226126
19,ROBOTICS,29-03-2023,8057693770
28,CSE,15-06-2023,7735685270
28,CIVIL,10-04-2026,7343679956
27,EEE,20-04-2026,7314303130
23,CSE,11-06-2023,8955698501
29,MECH,13-01-2027,6348156807
21,CIVIL,27-07-2025,8915528903
23,ECE,16-03-2025,907257962
18,CSE,02-07-2025,7429819832
20,EEE,30-09-2024,9463087177
21,ECE,10-04-2022,9422469301
18,ELECTRONICS,10-06-2026,8959147832
26,ECE,08-02-2023,6951619603
18,CSE,16-05-2027,7429352925
22,ROBOTICS,08-06-2022,8146985337
26,ROBOTICS,01-06-2026,9352913389
28,ROBOTICS,10-09-2024,978698303
19,MECH,21-03-2025,7921175986
22,CSE,10-03-2025,766336725
20,EEE,29-03-2025,9510005211
25,ECE,22-04-2024,9518520117
22,CIVIL,11-10-2026,8654489507
24,ROBOTICS,10-11-2027,6325354454
22,ECE,01-05-2023,8737960145
23,CSE,08-07-2027,8429169584
24,CIVIL,19-10-2025,8824098232
22,ECE,20-10-2026,9622309161
28,EEE,05-07-2025,6328978998
26,MECH,02-06-2027,7549359376
24,ECE,06-08-2024,9638522256
29,EEE,04-03-2025,8366770847
24,ROBOTICS,28-04-2022,9752139294
26,ELECTRONICS,15-05-2025,6628729826
24,EEE,17-08-2026,9548725306
27,ECE,12-08-2024,7050721058
23,MECH,01-01-2023,7455731694
24,ROBOTICS,26-03-2024,8117834685
25,MECH,04-09-2026,7635248208
24,ROBOTICS,07-04-2027,8213105821
29,ROBOTICS,04-08-2025,8759750632
21,ELECTRONICS,24-06-2027,6556658157
23,CIVIL,20-03-2022,8259843969
24,EEE,17-11-2024,6448968776
25,MECH,24-11-2026,9847837965
23,CIVIL,13-11-2026,6616784898
24,ROBOTICS,20-05-2023,675591666
18,CIVIL,08-02-2027,8016222231
22,MECH,07-02-2023,9824508580
28,MECH,09-11-2024,915159014
26,CSE,21-06-2024,7120099099
18,ROBOTICS,10-08-2027,7552991325
26,ECE,05-05-2026,6851748382
29,MECH,30-10-2025,7725152662
26,ROBOTICS,06-02-2023,936111426
22,ROBOTICS,13-08-2025,9442505437
28,ROBOTICS,27-10-2025,8841834349
18,CSE,01-11-2024,6622835874
29,EEE,11-01-2023,8958557505
23,ECE,28-03-2025,8615929140
29,ECE,12-10-2025,7515115098
29,ELECTRONICS,28-06-2026,6820385767
20,ECE,19-07-2024,7762241395
20,CSE,18-03-2025,8163452390
20,CSE,27-06-2022,8245927309
21,EEE,23-05-2027,8939952738
18,ROBOTICS,03-05-2023,6939032496
24,CSE,15-01-2024,9032661043
19,CSE,26-05-2022,9849887437
24,ECE,29/2/2025,814102864
24,ECE,15-05-2024,9010587610
19,ECE,21-06-2023,8856277265
28,CSE,02-05-2026,7167016464
29,CIVIL,19-04-2023,9541038068
24,MECH,19-05-2022,7433261768
28,ELECTRONICS,16-02-2026,8557087761
19,EEE,03-09-2022,755118739
18,EEE,02-10-2024,6554969316
18,CIVIL,19-08-2024,8859781333
22,CSE,25-08-2022,735361218
26,ECE,26-05-2024,7956550739
18,ROBOTICS,08-10-2023,9621343732
25,ECE,04-03-2023,7847560334
26,CSE,19-10-2025,985997843
22,CSE,17-09-2023,7533446949
28,MECH,25-03-2024,7813207095
23,ELECTRONICS,14-01-2024,6341012405
23,CSE,25-09-2024,9044935570
25,ROBOTICS,13-02-2027,8233529806
18,MECH,04-10-2022,9439382418
28,EEE,21-03-2024,7235269708
26,EEE,07-11-2026,7048187785
24,CIVIL,02-07-2027,8948703730
21,ROBOTICS,05-05-2026,8355221876
29,EEE,10-05-2023,978500752
21,ROBOTICS,27-09-2026,8045284667
26,CSE,10-02-2027,7717478584
27,ECE,14-11-2025,8916776135
20,CIVIL,10-04-2023,6936803263
21,EEE,03-06-2024,704629258
18,CSE,16-05-2022,7858330414
21,EEE,19-05-2024,7357385300
22,CSE,08-01-2024,7163717452
24,ELECTRONICS,07-05-2027,7124602047
18,CSE,22-10-2026,8715049455
24,MECH,08-08-2026,6758982597
28,EEE,07-09-2026,753404549
28,ELECTRONICS,26-02-2027,8318580370
19,CSE,20-05-2026,674723590
18,CIVIL,29-05-2024,8148828814
23,MECH,25-06-2026,9417132546
19,ECE,13-07-2024,9347447930
27,MECH,29-09-2026,9330310887
20,ELECTRONICS,10-08-2023,7865415660
28,ROBOTICS,27-07-2023,9226441613
26,CIVIL,06-09-2023,7946137864
20,ECE,02-09-2023,7038636606
20,ECE,14-09-2023,9638696414
25,ECE,08-02-2023,71423552
24,EEE,09-09-2027,8437723403
22,ELECTRONICS,25-09-2026,9561008286
22,MECH,22-09-2026,9442235617
21,CSE,03-11-2027,8218870183
26,MECH,28-09-2023,8733266784
29,ROBOTICS,26-10-2027,8647371035
18,ELECTRONICS,10-05-2023,6828945102
23,EEE,18-07-2022,9316851953
27,MECH,13-09-2027,9246705132
25,ROBOTICS,12-02-2022,7116957547
25,EEE,21-01-2022,7720786029
23,ECE,12-06-2023,8541062901
19,ECE,14-01-2027,8417739706
25,CSE,19-10-2024,7149531165
24,ROBOTICS,26-05-2022,9540721517
24,CIVIL,11-01-2023,8820524339
18,ELECTRONICS,11-03-2022,7159833223
23,CIVIL,09-05-2026,6646337854
25,CIVIL,08-04-2024,844373398
28,ROBOTICS,18-10-2023,6646734292
29,CSE,21-11-2027,8758077163
20,ROBOTICS,30-11-2027,9045045677
29,ROBOTICS,16-10-2025,8064299588
25,ECE,29-05-2027,8030858199
26,MECH,04-07-2025,8252951531
21,CSE,25-07-2024,7632622949
28,MECH,09-07-2025,878083755
22,EEE,21-10-2026,878838508
20,CIVIL,23-04-2022,9437528075
22,CSE,12-06-2025,9051259958
21,CIVIL,27-11-2025,7034355949
26,ECE,17-09-2025,6912279541
26,ROBOTICS,22-04-2025,9734998199
18,EEE,30-11-2027,9445447023
24,CSE,23-01-2027,9220018139
21,EEE,24-05-2027,6912534258
29,CIVIL,21-10-2023,6710072278
21,ECE,10-06-2024,7512504005
28,ECE,07-03-2027,6351673476
21,CIVIL,12-04-2023,7844104331
28,ECE,08-01-2025,6737413075
20,ROBOTICS,12-07-2022,9334246675
27,EEE,03-08-2025,654892172
23,EEE,03-10-2025,7350072344
25,ECE,17-11-2023,8452931808
27,EEE,26-01-2027,6341049642
26,ELECTRONICS,05-11-2023,6449894631
25,CSE,21-01-2026,9818320787
18,ELECTRONICS,08-10-2024,902245596
23,ELECTRONICS,18-05-2022,7020909153
19,MECH,21-08-2023,9365632510
24,CSE,11-11-2025,8156074904
20,CSE,18-11-2024,7157110814
25,ROBOTICS,27-10-2022,754753016
19,ELECTRONICS,11-07-2022,6536876415
21,MECH,01-03-2022,7140542779
23,MECH,07-05-2025,9413880631
24,MECH,12-03-2026,6418966322
21,ROBOTICS,14-04-2027,86103920
28,ROBOTICS,01-02-2023,6934587656
29,CSE,15-02-2024,8664950305
20,ELECTRONICS,18-09-2024,7656469138
21,ECE,26-04-2024,9712122757
26,CIVIL,19-09-2022,9244035380
22,ECE,03-10-2022,8949427449
21,CIVIL,07-08-2023,9614776557
29,ROBOTICS,27-10-2023,705840186
22,ROBOTICS,10-07-2022,9140143205
22,CIVIL,13-10-2024,8311815676
18,CIVIL,28-02-2022,981077850
